family_id,id,language,slug,question,options,correct_indicators,correct_answer,anecdote,image,categories,associated_series,translations,source
"sxsw-history","629","fr","quel-festival-a-debute-comme-une-conference-de-technologie-avant-de-devenir-celebre-pour-sa-musique-live","Quel festival a débuté comme festival de musique en 1987 avant d’ajouter le cinéma et Interactive ?","[""SXSW (South by Southwest)"",""Coachella"",""Tomorrowland"",""Ultra Music Festival""]","[true,false,false,false]","SXSW (South by Southwest)","SXSW a débuté à Austin en 1987 comme festival et conférence consacrés à la musique, afin de donner davantage de visibilité à la scène musicale locale. Les volets Film et Interactive ont été ajoutés en 1994. Aujourd’hui, SXSW réunit musique, cinéma, technologie, éducation et culture, mais son origine est musicale — et non une conférence technologique.","642","[]","[626]","{""fr"":629,""en"":4518,""de"":6239,""es"":8000}","{""url"":""https://sxsw.com/about/history/"",""label"":""SXSW — History of SXSW"",""reviewedAt"":""2026-08-09""}"
"sxsw-history","4518","en","which-festival-started-as-a-technology-conference-before-becoming-famous-for-its-live-music","Which festival began as a music festival in 1987 before later adding Film and Interactive?","[""SXSW (South by Southwest)"",""Coachella"",""Tomorrowland"",""Ultra Music Festival""]","[true,false,false,false]","SXSW (South by Southwest)","SXSW began in Austin in 1987 as a music festival and conference created to give the city’s music community greater exposure. In 1994, Film and Interactive were added. Today, SXSW brings together music, film, technology, education and culture, but its origin was music—not a technology conference.","4519","[]","[3156]","{""en"":4518,""fr"":629,""de"":6239,""es"":8000}","{""url"":""https://sxsw.com/about/history/"",""label"":""SXSW — History of SXSW"",""reviewedAt"":""2026-08-09""}"
"sxsw-history","6239","de","welches-festival-begann-1987-mit-musik-und-erganzte-spater-die-bereiche-film-und-interactive","Welches Festival begann 1987 mit Musik und ergänzte später die Bereiche Film und Interactive?","[""SXSW (South by Southwest)"",""Coachella"",""Tomorrowland"",""Ultra Music Festival""]","[true,false,false,false]","SXSW (South by Southwest)","SXSW begann 1987 in Austin als Musikfestival und Konferenz, die der lokalen Szene mehr Aufmerksamkeit verschaffen sollte. 1994 kamen die Bereiche Film und Interactive hinzu.

Heute verbindet die Veranstaltung Musik, Film, Technik, Bildung und Kultur. Ihre Wurzeln liegen jedoch eindeutig in der Musik und nicht, wie manchmal angenommen, in einer Technologiekonferenz.","4519","[]","[5450]","{""de"":6239,""en"":4518,""fr"":629,""es"":8000}","{""url"":""https://sxsw.com/about/history/"",""label"":""SXSW — History of SXSW"",""reviewedAt"":""2026-08-09""}"
"sxsw-history","8000","es","que-festival-comenzo-como-encuentro-musical-en-1987-y-anadio-despues-las-secciones-de-cine-e-interactividad","¿Qué festival comenzó como encuentro musical en 1987 y añadió después las secciones de Cine e Interactividad?","[""SXSW (South by Southwest)"",""Coachella"",""Tomorrowland"",""Ultra Music Festival""]","[true,false,false,false]","SXSW (South by Southwest)","SXSW nació en Austin en 1987 como festival y conferencia musical destinados a dar mayor visibilidad a la escena de la ciudad. Las secciones de Cine e Interactividad se añadieron en 1994.

Hoy reúne música, cine, tecnología, educación y cultura, pero su origen estuvo en la música y no en una conferencia tecnológica.","4519","[]","[7211]","{""es"":8000,""en"":4518,""fr"":629,""de"":6239}","{""url"":""https://sxsw.com/about/history/"",""label"":""SXSW — History of SXSW"",""reviewedAt"":""2026-08-09""}"
"maroon-communities","1262","fr","quel-peuple-autochtone-est-celebre-pour-son-role-central-dans-la-revolution-haitienne-menant-a-lindependance-du-pays-en-1804","Quelles communautés d’Africains ayant échappé à l’esclavage ont contribué au déclenchement de la Révolution haïtienne ?","[""Les Tainos"",""Les Arawaks"",""Les Caribes"",""Les Marrons""]","[false,false,false,true]","Les Marrons","Les communautés marronnes étaient formées d’Africains ayant échappé à l’esclavage et de leurs descendants. Dans la colonie française de Saint-Domingue, elles ont résisté au pouvoir colonial et contribué au déclenchement de la Révolution haïtienne, qui mena à l’indépendance d’Haïti en 1804. Il ne s’agissait pas d’un peuple autochtone : leur histoire relève surtout de la diaspora africaine et de la résistance à l’esclavage.","1317","[]","[1255]","{""fr"":1262,""en"":4087,""de"":6024,""es"":7785}","{""url"":""https://folkways.si.edu/rebel-tour-maroon-communities/african-amerian-struggle-protest/music/article/smithsonian"",""label"":""Smithsonian Folkways — Maroon communities"",""reviewedAt"":""2026-08-09""}"
"maroon-communities","4087","en","which-indigenous-people-are-famous-for-their-central-role-in-the-haitian-revolution-of-1804","Which communities of self-liberated Africans helped launch the Haitian Revolution?","[""The Tainos"",""The Arawaks"",""The Caribs"",""The Maroons""]","[false,false,false,true]","The Maroons","Maroon communities were formed by Africans who escaped slavery and their descendants. In the French colony of Saint-Domingue, Maroons resisted colonial rule and helped launch the Haitian Revolution, which led to Haiti’s independence in 1804. They were not an Indigenous people: their history is rooted chiefly in the African diaspora and resistance to enslavement.","1318","[]","[3171]","{""en"":4087,""fr"":1262,""de"":6024,""es"":7785}","{""url"":""https://folkways.si.edu/rebel-tour-maroon-communities/african-amerian-struggle-protest/music/article/smithsonian"",""label"":""Smithsonian Folkways — Maroon communities"",""reviewedAt"":""2026-08-09""}"
"maroon-communities","6024","de","welche-gemeinschaften-selbstbefreiter-afrikaner-trugen-zum-beginn-der-haitianischen-revolution-bei","Welche Gemeinschaften selbstbefreiter Afrikaner trugen zum Beginn der Haitianischen Revolution bei?","[""Taíno"",""Arawak"",""Kariben"",""Maroons""]","[false,false,false,true]","Maroons","Maroons waren aus der Sklaverei geflohene Afrikaner und ihre Nachkommen. In der französischen Kolonie Saint-Domingue widersetzten sich ihre Gemeinschaften der Kolonialherrschaft und wirkten an den Kämpfen mit, die 1804 zur Unabhängigkeit Haitis führten.

Sie waren kein indigenes Volk der Karibik; ihre Geschichte gehört zur afrikanischen Diaspora und zum Widerstand gegen Versklavung.","1318","[]","[5465]","{""de"":6024,""en"":4087,""fr"":1262,""es"":7785}","{""url"":""https://folkways.si.edu/rebel-tour-maroon-communities/african-amerian-struggle-protest/music/article/smithsonian"",""label"":""Smithsonian Folkways — Maroon communities"",""reviewedAt"":""2026-08-09""}"
"maroon-communities","7785","es","que-comunidades-de-africanos-que-se-liberaron-de-la-esclavitud-ayudaron-a-impulsar-la-revolucion-haitiana","¿Qué comunidades de africanos que se liberaron de la esclavitud ayudaron a impulsar la Revolución haitiana?","[""Los taínos"",""Los arahuacos"",""Los caribes"",""Los cimarrones""]","[false,false,false,true]","Los cimarrones","Las comunidades cimarronas estaban formadas por africanos que habían escapado de la esclavitud y por sus descendientes. Crearon asentamientos autónomos, preservaron prácticas culturales y resistieron tanto a los propietarios esclavistas como al poder colonial.

En la colonia francesa de Saint-Domingue participaron en esa resistencia y contribuyeron al proceso revolucionario que desembocó en la independencia de Haití en 1804. No constituían un pueblo indígena del Caribe: su historia pertenece principalmente a la diáspora africana, a la lucha contra la esclavitud y a la formación de nuevas comunidades libres en América.","1318","[]","[7226]","{""es"":7785,""en"":4087,""fr"":1262,""de"":6024}","{""url"":""https://folkways.si.edu/rebel-tour-maroon-communities/african-amerian-struggle-protest/music/article/smithsonian"",""label"":""Smithsonian Folkways — Maroon communities"",""reviewedAt"":""2026-08-09""}"
"javelin-record","2437","fr","quel-athlete-detient-le-record-du-monde-du-lancer-du-javelot-masculin","Quel athlète détient le record du monde du lancer du javelot masculin ?","[""Andreas Thorkildsen"",""Uwe Hohn"",""Jan Železný"",""Johannes Vetter""]","[false,false,true,false]","Jan Železný","Jan Železný détient le record du monde masculin du lancer du javelot avec 98,48 m, réalisés à Iéna, en Allemagne, le 25 mai 1996. World Athletics le classe toujours en tête de la liste mondiale, devant Johannes Vetter et ses 97,76 m. Le Tchèque a également remporté trois titres olympiques. Record vérifié le 9 août 2026.","2848","[]","[2432]","{""fr"":2437,""en"":3702,""de"":5706,""es"":7467}","{""url"":""https://worldathletics.org/records/all-time-toplists/throws/javelin-throw/all/men/senior"",""label"":""World Athletics — Javelin Throw Men"",""reviewedAt"":""2026-08-09""}"
"javelin-record","3702","en","which-athlete-holds-the-mens-world-javelin-throw-record","Which athlete holds the men&#8217;s world javelin throw record?","[""Andreas Thorkildsen"",""Uwe Hohn"",""Jan Železný"",""Johannes Vetter""]","[false,false,true,false]","Jan Železný","Jan Železný holds the men’s javelin world record with 98.48m, achieved in Jena, Germany, on 25 May 1996. World Athletics still ranks him first on the all-time list, ahead of Johannes Vetter’s 97.76m. The Czech athlete also won three Olympic titles. Record checked on 9 August 2026.","3703","[]","[3209]","{""en"":3702,""fr"":2437,""de"":5706,""es"":7467}","{""url"":""https://worldathletics.org/records/all-time-toplists/throws/javelin-throw/all/men/senior"",""label"":""World Athletics — Javelin Throw Men"",""reviewedAt"":""2026-08-09""}"
"javelin-record","5706","de","wer-halt-den-weltrekord-im-speerwurf-der-manner","Wer hält den Weltrekord im Speerwurf der Männer?","[""Andreas Thorkildsen"",""Uwe Hohn"",""Jan Železný"",""Johannes Vetter""]","[false,false,true,false]","Jan Železný","Jan Železný warf den seit 1986 verwendeten Speertyp am 25. Mai 1996 in Jena 98,48 Meter weit. Die Bestmarke des Tschechen besteht seit Jahrzehnten.

Železný gewann außerdem drei olympische Goldmedaillen in Folge. Uwe Hohns früherer Wurf über 100 Meter zählt zu einem alten Speermodell, dessen Schwerpunkt aus Sicherheitsgründen verändert wurde.","3703","[]","[5502]","{""de"":5706,""en"":3702,""fr"":2437,""es"":7467}","{""url"":""https://worldathletics.org/records/all-time-toplists/throws/javelin-throw/all/men/senior"",""label"":""World Athletics — Javelin Throw Men"",""reviewedAt"":""2026-08-09""}"
"javelin-record","7467","es","que-atleta-posee-el-record-mundial-masculino-de-lanzamiento-de-jabalina","¿Qué atleta posee el récord mundial masculino de lanzamiento de jabalina?","[""Andreas Thorkildsen"",""Uwe Hohn"",""Jan Železný"",""Johannes Vetter""]","[false,false,true,false]","Jan Železný","Jan Železný posee el récord mundial masculino de jabalina con 98,48 metros, logrados en Jena, Alemania, el 25 de mayo de 1996. World Athletics seguía situándolo en primer lugar en la fecha de la auditoría, por delante de los 97,76 metros de Johannes Vetter.

El atleta checo ganó además tres títulos olímpicos y es considerado uno de los mejores lanzadores de la historia.","3703","[]","[7263]","{""es"":7467,""en"":3702,""fr"":2437,""de"":5706}","{""url"":""https://worldathletics.org/records/all-time-toplists/throws/javelin-throw/all/men/senior"",""label"":""World Athletics — Javelin Throw Men"",""reviewedAt"":""2026-08-09""}"
"new-zealand-capital","976","fr","quelle-est-la-capitale-de-laustralie","Quelle est la capitale de la Nouvelle-Zélande, souvent confondue avec sa ville la plus peuplée, Auckland ?","[""Wellington"",""Christchurch"",""Auckland"",""Dunedin""]","[true,false,false,false]","Wellington","Wellington est la capitale de la Nouvelle-Zélande depuis 1865. Elle accueille le Parlement, les bureaux du Cabinet et du Premier ministre, ainsi que les plus hautes juridictions du pays. Auckland, qui fut la capitale de 1841 à 1865, est aujourd’hui nettement plus peuplée, ce qui explique la confusion fréquente.","1083","[]","[975]","{""fr"":976,""en"":4292,""de"":6130,""es"":7891}","{""url"":""https://teara.govt.nz/en/capital-city"",""label"":""Te Ara — Capital city"",""reviewedAt"":""2026-08-09""}"
"new-zealand-capital","4292","en","what-is-the-capital-of-new-zealand-often-confused-with-its-most-populous-city-auckland","What is the capital of New Zealand, often confused with its most populous city, Auckland?","[""Wellington"",""Christchurch"",""Auckland"",""Dunedin""]","[true,false,false,false]","Wellington","Wellington has been New Zealand’s capital since 1865. It is home to Parliament, the offices of Cabinet and the prime minister, and the country’s highest courts. Auckland, which served as the capital from 1841 to 1865, is now much more populous, which explains the frequent confusion.","4293","[]","[3167]","{""en"":4292,""fr"":976,""de"":6130,""es"":7891}","{""url"":""https://teara.govt.nz/en/capital-city"",""label"":""Te Ara — Capital city"",""reviewedAt"":""2026-08-09""}"
"new-zealand-capital","6130","de","wie-heist-die-hauptstadt-neuseelands-die-oft-mit-der-groseren-stadt-auckland-verwechselt-wird","Wie heißt die Hauptstadt Neuseelands, die oft mit der größeren Stadt Auckland verwechselt wird?","[""Wellington"",""Christchurch"",""Auckland"",""Dunedin""]","[true,false,false,false]","Wellington","Wellington ist seit 1865 Hauptstadt Neuseelands und Sitz von Parlament, Regierung und den höchsten Gerichten. Die Lage an der Cookstraße verbindet die Nord- und Südinsel strategisch.

Auckland war von 1841 bis 1865 Hauptstadt und ist heute mit großem Abstand die bevölkerungsreichere Stadt. Daher wird sie häufig fälschlich für die Hauptstadt gehalten.","4293","[]","[5461]","{""de"":6130,""en"":4292,""fr"":976,""es"":7891}","{""url"":""https://teara.govt.nz/en/capital-city"",""label"":""Te Ara — Capital city"",""reviewedAt"":""2026-08-09""}"
"new-zealand-capital","7891","es","cual-es-la-capital-de-nueva-zelanda-a-menudo-confundida-con-la-ciudad-mas-poblada-auckland","¿Cuál es la capital de Nueva Zelanda, a menudo confundida con la ciudad más poblada, Auckland?","[""Wellington"",""Christchurch"",""Auckland"",""Dunedin""]","[true,false,false,false]","Wellington","Wellington es la capital de Nueva Zelanda desde 1865. Alberga el Parlamento, las oficinas del Gobierno y del primer ministro, así como los tribunales superiores del país.

Auckland había ejercido como capital entre 1841 y 1865, antes de que las instituciones se trasladaran a Wellington por su posición más central entre las dos grandes islas. En la actualidad, Auckland posee una población considerablemente mayor y es el principal centro urbano y económico neozelandés.

Esa diferencia de tamaño y proyección internacional explica que muchas personas la confundan todavía con la capital política.","4293","[]","[7222]","{""es"":7891,""en"":4292,""fr"":976,""de"":6130}","{""url"":""https://teara.govt.nz/en/capital-city"",""label"":""Te Ara — Capital city"",""reviewedAt"":""2026-08-09""}"
"festival-in-the-desert","633","fr","dans-quel-festival-international-peut-on-vivre-lexperience-unique-de-concerts-dans-un-desert","Quel festival malien est devenu célèbre pour ses concerts en plein air dans le Sahara près de Tombouctou ?","[""Burning Man"",""Festival au Désert"",""Coachella"",""Desert Daze""]","[false,true,false,false]","Festival au Désert","Créé en 2001, le Festival au Désert se tenait à Essakane, près de Tombouctou, et mettait en avant les musiques touarègues aux côtés d’artistes du monde entier. La crise politico-sécuritaire de 2012 et l’interdiction de la musique dans le nord du Mali ont empêché son retour sur son site. L’organisation a ensuite fait vivre ses valeurs de paix et de tolérance sous forme d’une caravane itinérante et de concerts en exil.","645","[]","[626]","{""fr"":633,""en"":4512,""de"":6236,""es"":7997}","{""url"":""https://www.essakaneproduction.com/thepeacecaravan"",""label"":""Essakane Production — Festival au Désert"",""reviewedAt"":""2026-08-09""}"
"festival-in-the-desert","4512","en","dans-quel-festival-international-peut-on-vivre-lexperience-unique-de-concerts-dans-un-desert","Which Malian festival became famous for open-air concerts in the Sahara near Timbuktu?","[""Burning Man"",""Festival in the Desert"",""Coachella"",""Desert Daze""]","[false,true,false,false]","Festival in the Desert","Founded in 2001, the Festival in the Desert was held at Essakane, near Timbuktu, showcasing Tuareg music alongside artists from around the world. The 2012 political and security crisis and the ban on music in northern Mali prevented the event from returning to its site. Its organisers later carried its message of peace and tolerance through a touring caravan and concerts in exile.","4513","[]","[3156]","{""en"":4512,""fr"":633,""de"":6236,""es"":7997}","{""url"":""https://www.essakaneproduction.com/thepeacecaravan"",""label"":""Essakane Production — Festival au Désert"",""reviewedAt"":""2026-08-09""}"
"festival-in-the-desert","6236","de","welches-malische-festival-wurde-durch-freiluftkonzerte-in-der-sahara-nahe-timbuktu-bekannt","Welches malische Festival wurde durch Freiluftkonzerte in der Sahara nahe Timbuktu bekannt?","[""Burning Man"",""Festival au Désert"",""Coachella"",""Desert Daze""]","[false,true,false,false]","Festival au Désert","Das 2001 gegründete „Festival au Désert“ fand bei Essakane nahe Timbuktu statt und präsentierte Tuareg-Musik neben Künstlern aus aller Welt.

Die politische und sicherheitspolitische Krise von 2012 verhinderte eine Rückkehr an den ursprünglichen Ort. Die Organisatoren trugen die Botschaft von Frieden und Verständigung später mit einer reisenden Karawane und Konzerten im Exil weiter.","4513","[]","[5450]","{""de"":6236,""fr"":633,""en"":4512,""es"":7997}","{""url"":""https://www.essakaneproduction.com/thepeacecaravan"",""label"":""Essakane Production — Festival au Désert"",""reviewedAt"":""2026-08-09""}"
"festival-in-the-desert","7997","es","que-festival-maliense-se-hizo-famoso-por-sus-conciertos-al-aire-libre-en-el-sahara-cerca-de-tombuctu","¿Qué festival maliense se hizo famoso por sus conciertos al aire libre en el Sáhara, cerca de Tombuctú?","[""Burning Man"",""Festival au Désert"",""Coachella"",""Desert Daze""]","[false,true,false,false]","Festival au Désert","Fundado en 2001, el Festival au Désert se celebraba en Essakane, cerca de Tombuctú, y reunía música tuareg con artistas de todo el mundo. La crisis política y de seguridad de 2012, junto con la prohibición de la música en el norte de Malí, impidió su regreso al lugar original.

Sus organizadores mantuvieron vivo su mensaje de paz y tolerancia mediante una caravana itinerante y conciertos en el exilio.","4513","[]","[7211]","{""es"":7997,""fr"":633,""en"":4512,""de"":6236}","{""url"":""https://www.essakaneproduction.com/thepeacecaravan"",""label"":""Essakane Production — Festival au Désert"",""reviewedAt"":""2026-08-09""}"
"blue-note-new-york","456","fr","lequel-de-ces-clubs-de-jazz-est-celebre-a-new-york","Quel club de jazz a ouvert dans Greenwich Village, à New York, en 1981 ?","[""The Blue Note"",""The Cotton Club"",""Birdland"",""Village Vanguard.""]","[true,false,false,false]","The Blue Note","Le Blue Note ouvrit en 1981 dans Greenwich Village, à New York, à l’initiative de Danny Bensusan. Le club voulait offrir aux artistes de jazz un lieu intimiste où la musique resterait au centre de l’expérience. Il accueillit au fil du temps des musiciens tels que Sarah Vaughan, Dizzy Gillespie, Oscar Peterson, Ray Brown, Stanley Turrentine et Tito Puente, puis développa des établissements et partenariats ailleurs dans le monde. John Coltrane, mort en 1967, ne pouvait évidemment pas s’y être produit. Le Cotton Club, Birdland et le Village Vanguard appartiennent à d’autres périodes importantes de l’histoire du jazz new-yorkais.","467","[]","[451]","{""fr"":456,""en"":4629,""de"":6286,""es"":8047}","{""url"":""https://www.bluenotejazz.com/nyc/about/"",""label"":""Blue Note New York — About"",""reviewedAt"":""2026-08-09""}"
"blue-note-new-york","4629","en","which-new-york-jazz-club-is-famous-for-having-hosted-legends-like-miles-davis-and-john-coltrane","What jazz club opened in Greenwich Village, New York, in 1981?","[""The Blue Note"",""The Cotton Club"",""Birdland"",""Village Vanguard""]","[true,false,false,false]","The Blue Note","The Blue Note opened in 1981 in Greenwich Village, New York, on the initiative of Danny Bensusan. The club wanted to offer jazz artists an intimate place where music would remain at the center of the experience. Over time, it welcomed musicians such as Sarah Vaughan, Dizzy Gillespie, Oscar Peterson, Ray Brown, Stanley Turrentine and Tito Puente, then developed establishments and partnerships elsewhere in the world. John Coltrane, who died in 1967, obviously could not have performed there. The Cotton Club, Birdland and the Village Vanguard belong to other important periods in New York jazz history.","4630","[]","[3151]","{""en"":4629,""fr"":456,""de"":6286,""es"":8047}","{""url"":""https://www.bluenotejazz.com/nyc/about/"",""label"":""Blue Note New York — About"",""reviewedAt"":""2026-08-09""}"
"blue-note-new-york","6286","de","welcher-1981-eroffnete-new-yorker-jazzclub-wurde-zu-einer-internationalen-institution-des-genres","Welcher 1981 eröffnete New Yorker Jazzclub wurde zu einer internationalen Institution des Genres?","[""The Blue Note"",""The Cotton Club"",""Birdland"",""Alle genannten""]","[true,false,false,false]","The Blue Note","Das Blue Note öffnete 1981 in Greenwich Village und entwickelte sich zu einem der bekanntesten Jazzclubs New Yorks. Musiker wie Dizzy Gillespie, Oscar Peterson und später auch zahlreiche jüngere Stars traten dort auf.

Der intime Raum verbindet etablierte Größen mit neuen Talenten. Ableger in mehreren Ländern machten den Namen Blue Note zu einer internationalen Institution der Live-Jazzkultur.","4630","[]","[5445]","{""de"":6286,""en"":4629,""fr"":456,""es"":8047}","{""url"":""https://www.bluenotejazz.com/nyc/about/"",""label"":""Blue Note New York — About"",""reviewedAt"":""2026-08-09""}"
"blue-note-new-york","8047","es","que-club-de-jazz-abrio-en-greenwich-village-nueva-york-en-1981","¿Qué club de jazz abrió en Greenwich Village, Nueva York, en 1981?","[""The Blue Note"",""The Cotton Club"",""Birdland"",""Village Vanguard""]","[true,false,false,false]","The Blue Note","The Blue Note abrió en 1981 en Greenwich Village por iniciativa de Danny Bensusan. Su objetivo era ofrecer a los artistas de jazz un espacio íntimo donde la música ocupara el centro de la experiencia.

Con el tiempo acogió a músicos como Sarah Vaughan, Dizzy Gillespie, Oscar Peterson, Ray Brown, Stanley Turrentine y Tito Puente, y después extendió su nombre a otros lugares del mundo. John Coltrane, fallecido en 1967, no pudo actuar allí.

The Cotton Club, Birdland y Village Vanguard pertenecen a otros periodos importantes de la historia del jazz neoyorquino.","4630","[]","[7206]","{""es"":8047,""en"":4629,""fr"":456,""de"":6286}","{""url"":""https://www.bluenotejazz.com/nyc/about/"",""label"":""Blue Note New York — About"",""reviewedAt"":""2026-08-09""}"
"black-billed-parrot","1047","fr","quelle-ile-situee-dans-la-mer-des-caraibes-est-le-seul-habitat-au-monde-du-perroquet-jaco","Quelle île des Caraïbes est l’unique habitat naturel de l’Amazone verte (Amazona agilis) ?","[""Cuba"",""Jamaïque"",""Hispaniola"",""Porto Rico.""]","[false,true,false,false]","Jamaïque","L’Amazone verte, aussi appelée amazone à bec noir, porte le nom scientifique « Amazona agilis ». Ce perroquet est endémique de la Jamaïque : à l’état sauvage, il ne vit nulle part ailleurs. Il fréquente principalement les forêts humides de montagne, notamment dans les Blue Mountains et le Cockpit Country, où il se nourrit de fruits, de graines et de fleurs. Son bec sombre permet de le distinguer de l’Amazone à bec jaune, l’autre amazone endémique de l’île. Le perroquet jaco est une espèce différente, originaire d’Afrique centrale et occidentale, et ne doit pas être associé à la Jamaïque.","1057","[]","[1039]","{""fr"":1047,""en"":4244,""de"":6102,""es"":7863}","{""url"":""https://jis.gov.jm/jamaican-parrots-being-sold-illegally/"",""label"":""Jamaica Information Service — Jamaican parrots"",""reviewedAt"":""2026-08-09""}"
"black-billed-parrot","4244","en","which-island-located-in-the-caribbean-sea-is-the-only-habitat-in-the-world-for-the-jaco-parrot","Which Caribbean island is the only natural habitat of the black-billed amazon (Amazona agilis)?","[""Cuba"",""Jamaica"",""Hispaniola"",""Puerto Rico""]","[false,true,false,false]","Jamaica","The black-billed amazon, whose scientific name is “Amazona agilis,” is endemic to Jamaica and occurs naturally nowhere else. It mainly inhabits humid mountain forests, including areas in the Blue Mountains and Cockpit Country, where it feeds on fruit, seeds and flowers. Its dark bill helps distinguish it from the yellow-billed amazon, Jamaica’s other endemic amazon parrot. The African grey parrot, sometimes called the grey or Congo grey, is a different species native to parts of central and western Africa. It should not be described as an endemic Jamaican bird.","4228","[]","[3169]","{""en"":4244,""fr"":1047,""de"":6102,""es"":7863}","{""url"":""https://jis.gov.jm/jamaican-parrots-being-sold-illegally/"",""label"":""Jamaica Information Service — Jamaican parrots"",""reviewedAt"":""2026-08-09""}"
"black-billed-parrot","6102","de","welche-karibikinsel-ist-die-einzige-heimat-der-jamaika-amazone","Welche Karibikinsel ist die einzige Heimat der Jamaika-Amazone?","[""Kuba"",""Jamaika"",""Hispaniola"",""Puerto Rico""]","[false,true,false,false]","Jamaika","Die Jamaika-Amazone, auch Gelbschnabelamazone genannt, kommt ausschließlich auf Jamaika vor. Der farbenprächtige Papagei lebt vor allem in den Wäldern des Inselinneren.

Indem er Früchte frisst und Samen verbreitet, trägt er zur Erneuerung des Waldes bei. Der Schutz geeigneter Lebensräume ist entscheidend für das Überleben dieser endemischen Art.","4228","[]","[5463]","{""de"":6102,""en"":4244,""fr"":1047,""es"":7863}","{""url"":""https://jis.gov.jm/jamaican-parrots-being-sold-illegally/"",""label"":""Jamaica Information Service — Jamaican parrots"",""reviewedAt"":""2026-08-09""}"
"black-billed-parrot","7863","es","que-isla-caribena-es-el-unico-habitat-natural-del-loro-de-pico-negro-amazona-agilis","¿Qué isla caribeña es el único hábitat natural del loro de pico negro «Amazona agilis»?","[""Cuba"",""Jamaica"",""La Española"",""Puerto Rico""]","[false,true,false,false]","Jamaica","El loro de pico negro, cuyo nombre científico es «Amazona agilis», es endémico de Jamaica y no vive de forma natural en ningún otro lugar. Habita principalmente los bosques húmedos de montaña, incluidos los de las Blue Mountains y Cockpit Country, donde se alimenta de frutos, semillas y flores.

Su pico oscuro permite distinguirlo del loro de pico amarillo, la otra amazona endémica de la isla. El loro gris africano o yaco es una especie completamente diferente, originaria de África central y occidental, por lo que no debe relacionarse con Jamaica.","4228","[]","[7224]","{""es"":7863,""en"":4244,""fr"":1047,""de"":6102}","{""url"":""https://jis.gov.jm/jamaican-parrots-being-sold-illegally/"",""label"":""Jamaica Information Service — Jamaican parrots"",""reviewedAt"":""2026-08-09""}"
"first-circumnavigation","1399","fr","qui-a-ete-le-premier-explorateur-a-realiser-le-tour-du-monde","Quel explorateur a lancé l’expédition du premier tour du monde, achevée par Juan Sebastián Elcano ?","[""Marco Polo"",""Christophe Colomb"",""Ferdinand Magellan"",""Vasco de Gama.""]","[false,false,true,false]","Ferdinand Magellan","L’expédition partie d’Espagne en 1519 fut organisée sous le commandement de Ferdinand Magellan afin de rejoindre les îles aux épices par l’ouest. Magellan découvrit le passage qui porte aujourd’hui son nom et traversa l’océan Pacifique, mais il mourut aux Philippines en 1521. Juan Sebastián Elcano prit ensuite le commandement de la « Victoria » et ramena le navire en Espagne en septembre 1522. Elcano et les autres survivants revenus avec lui furent ainsi les premiers à accomplir un tour complet du globe. L’exploit doit donc être présenté comme une expédition initiée par Magellan et achevée par Elcano.","1452","[]","[1398]","{""fr"":1399,""en"":4061,""de"":6000,""es"":7761}","{""url"":""https://www.unesco.org/en/memory-world/first-voyage-circumnavigation-fernao-de-magalhaes-and-juan-sebastian-elcano-1519-1522"",""label"":""UNESCO — First voyage of circumnavigation"",""reviewedAt"":""2026-08-09""}"
"first-circumnavigation","4061","en","who-was-the-first-explorer-to-circumnavigate-the-globe","Which explorer launched the first round-the-world expedition, completed by Juan Sebastián Elcano?","[""Marco Polo"",""Christophe Colomb"",""Ferdinand Magellan"",""Vasco de Gama""]","[false,false,true,false]","Ferdinand Magellan","The expedition that left Spain in 1519 was organized under the command of Ferdinand Magellan to reach the Spice Islands from the west. Magellan discovered the passage that today bears his name and crossed the Pacific Ocean, but he died in the Philippines in 1521. Juan Sebastián Elcano then took command of the ""Victoria"" and brought the ship back to Spain in September 1522. Elcano and the other survivors who returned with him were thus the first to complete a complete circumnavigation of the globe. The exploit must therefore be presented as an expedition initiated by Magellan and completed by Elcano.","1453","[]","[3179]","{""en"":4061,""fr"":1399,""de"":6000,""es"":7761}","{""url"":""https://www.unesco.org/en/memory-world/first-voyage-circumnavigation-fernao-de-magalhaes-and-juan-sebastian-elcano-1519-1522"",""label"":""UNESCO — First voyage of circumnavigation"",""reviewedAt"":""2026-08-09""}"
"first-circumnavigation","6000","de","unter-wessen-ursprunglichem-kommando-begann-die-expedition-der-die-erste-weltumsegelung-gelang","Unter wessen ursprünglichem Kommando begann die Expedition, der die erste Weltumsegelung gelang?","[""Marco Polo"",""Christoph Kolumbus"",""Ferdinand Magellan"",""Vasco da Gama""]","[false,false,true,false]","Ferdinand Magellan","Ferdinand Magellan brach 1519 mit fünf Schiffen und etwa 270 Mann auf. Er fand die später nach ihm benannte Passage und überquerte den Pazifik, wurde aber 1521 auf den Philippinen getötet.

Juan Sebastián Elcano führte die „Victoria“ 1522 mit nur 18 Männern nach Spanien zurück und vollendete damit die erste belegte Weltumsegelung. Die Reise zeigte vor allem die gewaltigen Ausmaße der Ozeane; die Kugelgestalt der Erde war Gelehrten längst bekannt.","1453","[]","[5473]","{""de"":6000,""en"":4061,""fr"":1399,""es"":7761}","{""url"":""https://www.unesco.org/en/memory-world/first-voyage-circumnavigation-fernao-de-magalhaes-and-juan-sebastian-elcano-1519-1522"",""label"":""UNESCO — First voyage of circumnavigation"",""reviewedAt"":""2026-08-09""}"
"first-circumnavigation","7761","es","que-explorador-inicio-la-primera-expedicion-alrededor-del-mundo-completada-por-juan-sebastian-elcano","¿Qué explorador inició la primera expedición alrededor del mundo, completada por Juan Sebastián Elcano?","[""Marco Polo"",""Cristóbal Colón"",""Fernando de Magallanes"",""Vasco da Gama""]","[false,false,true,false]","Fernando de Magallanes","La expedición que partió de España en 1519 fue organizada bajo el mando de Fernando de Magallanes para llegar por el oeste a las islas de las Especias. Magallanes encontró el estrecho que hoy lleva su nombre y cruzó el Pacífico, pero murió en Filipinas en 1521.

Juan Sebastián Elcano tomó después el mando de la nao «Victoria» y regresó a España en septiembre de 1522. Elcano y sus compañeros supervivientes fueron así los primeros en completar una circunnavegación del planeta.","1453","[]","[7234]","{""es"":7761,""en"":4061,""fr"":1399,""de"":6000}","{""url"":""https://www.unesco.org/en/memory-world/first-voyage-circumnavigation-fernao-de-magalhaes-and-juan-sebastian-elcano-1519-1522"",""label"":""UNESCO — First voyage of circumnavigation"",""reviewedAt"":""2026-08-09""}"
"galileo-telescope","3063","fr","qui-a-invente-le-premier-telescope-astronomique-pratique","Quel savant a perfectionné la lunette et l’a utilisée dès 1609 pour des observations astronomiques pionnières ?","[""Johannes Kepler"",""Galileo Galilei"",""Isaac Newton"",""Albert Einstein.""]","[false,true,false,false]","Galileo Galilei","Les premières lunettes d’approche connues apparurent aux Pays-Bas en 1608, et Hans Lipperhey demanda cette année-là un brevet pour un instrument rudimentaire. Ayant appris leur existence, Galilée construisit en 1609 ses propres modèles, en améliora rapidement le grossissement et les dirigea vers le ciel. Il observa le relief de la Lune, les satellites de Jupiter, les phases de Vénus et de nombreuses étoiles invisibles à l’œil nu. Ces observations transformèrent l’astronomie et soutinrent la remise en cause du modèle géocentrique. Galilée n’a donc pas inventé la lunette, mais il en fit l’un des premiers grands instruments de recherche astronomique.","3075","[]","[3056]","{""fr"":3063,""en"":3326,""de"":5525,""es"":7286}","{""url"":""https://www.loc.gov/collections/finding-our-place-in-the-cosmos-with-carl-sagan/articles-and-essays/modeling-the-cosmos/galileo-and-the-telescope/"",""label"":""Library of Congress — Galileo and the telescope"",""reviewedAt"":""2026-08-09""}"
"galileo-telescope","3326","en","who-invented-the-first-practical-astronomical-telescope","Which scientist perfected the telescope and used it in 1609 for pioneering astronomical observations?","[""Johannes Kepler"",""Galileo Galilei"",""Isaac Newton"",""Albert Einstein""]","[false,true,false,false]","Galileo Galilei","The first known telescopes appeared in the Netherlands in 1608, and Hans Lipperhey applied for a patent for a rudimentary instrument that year. Having learned of their existence, Galileo built his own models in 1609, quickly improved their magnification and aimed them towards the sky. He observed the relief of the Moon, the satellites of Jupiter, the phases of Venus and numerous stars invisible to the naked eye. These observations transformed astronomy and supported the questioning of the geocentric model. Galileo therefore did not invent the telescope, but he made it one of the first great instruments of astronomical research.","3242","[]","[3227]","{""en"":3326,""fr"":3063,""de"":5525,""es"":7286}","{""url"":""https://www.loc.gov/collections/finding-our-place-in-the-cosmos-with-carl-sagan/articles-and-essays/modeling-the-cosmos/galileo-and-the-telescope/"",""label"":""Library of Congress — Galileo and the telescope"",""reviewedAt"":""2026-08-09""}"
"galileo-telescope","5525","de","wer-verbesserte-1609-das-fernrohr-und-setzte-es-systematisch-fur-astronomische-entdeckungen-ein","Wer verbesserte 1609 das Fernrohr und setzte es systematisch für astronomische Entdeckungen ein?","[""Johannes Kepler"",""Galileo Galilei"",""Isaac Newton"",""Albert Einstein""]","[false,true,false,false]","Galileo Galilei","Galileo Galilei erfuhr 1609 von niederländischen Fernrohren, baute leistungsfähigere Varianten und richtete sie an den Himmel. Er beobachtete Mondberge, die Phasen der Venus, Sonnenflecken und vier große Jupitermonde.

Er erfand das Fernrohr nicht als Erster; Hans Lipperhey beantragte 1608 in den Niederlanden ein frühes Patent. Galileis Veröffentlichungen machten das Instrument jedoch zu einem entscheidenden Werkzeug der Astronomie.","3242","[]","[5520]","{""de"":5525,""fr"":3063,""en"":3326,""es"":7286}","{""url"":""https://www.loc.gov/collections/finding-our-place-in-the-cosmos-with-carl-sagan/articles-and-essays/modeling-the-cosmos/galileo-and-the-telescope/"",""label"":""Library of Congress — Galileo and the telescope"",""reviewedAt"":""2026-08-09""}"
"galileo-telescope","7286","es","que-cientifico-perfecciono-el-telescopio-y-lo-utilizo-en-1609-para-realizar-observaciones-astronomicas-pioneras","¿Qué científico perfeccionó el telescopio y lo utilizó en 1609 para realizar observaciones astronómicas pioneras?","[""Johannes Kepler"",""Galileo Galilei"",""Isaac Newton"",""Albert Einstein""]","[false,true,false,false]","Galileo Galilei","Los primeros telescopios conocidos aparecieron en los Países Bajos en 1608 y Hans Lipperhey solicitó una patente aquel año. Tras conocer su existencia, Galileo construyó modelos propios en 1609, aumentó rápidamente su potencia y los dirigió al cielo.

Observó el relieve lunar, los satélites de Júpiter, las fases de Venus y estrellas invisibles a simple vista. No inventó el instrumento, pero lo convirtió en una herramienta decisiva de investigación astronómica.","3242","[]","[7281]","{""es"":7286,""fr"":3063,""en"":3326,""de"":5525}","{""url"":""https://www.loc.gov/collections/finding-our-place-in-the-cosmos-with-carl-sagan/articles-and-essays/modeling-the-cosmos/galileo-and-the-telescope/"",""label"":""Library of Congress — Galileo and the telescope"",""reviewedAt"":""2026-08-09""}"
"toy-story-computer-animation","955","fr","quel-est-le-premier-film-a-utiliser-lanimation-par-ordinateur-pour-lun-de-ses-personnages-principaux","Quel film de 1995 est le premier long métrage entièrement réalisé en animation par ordinateur ?","[""Jurassic Park"",""Toy Story"",""Tron"",""Avatar.""]","[false,true,false,false]","Toy Story","Sorti en 1995, « Toy Story » est le premier long métrage entièrement réalisé en animation par ordinateur. Produit par Pixar et distribué par Disney, le film suit les jouets Woody et Buzz l’Éclair et combine innovation technique, comédie et récit d’amitié. Sa fabrication nécessita de nouveaux outils de modélisation, d’éclairage et de rendu adaptés à un film complet. Des œuvres antérieures, comme « Tron » ou « Jurassic Park », avaient déjà utilisé des images de synthèse pour des décors ou des personnages importants. Le record précis de « Toy Story » ne concerne donc pas le premier personnage principal numérique, mais le premier long métrage entièrement animé par ordinateur.","965","[]","[951]","{""fr"":955,""en"":4307,""de"":6137,""es"":7898}","{""url"":""https://www.pixar.com/our-story"",""label"":""Pixar — Our story"",""reviewedAt"":""2026-08-09""}"
"toy-story-computer-animation","4307","en","what-is-the-first-movie-to-use-computer-animation-for-one-of-its-main-characters","Which 1995 film is the first feature film made entirely in computer animation?","[""Jurassic Park"",""Toy Story"",""Tron"",""Avatar""]","[false,true,false,false]","Toy Story","""Toy Story,"" released in 1995, made history as the first feature-length film entirely made with computer-generated imagery.

This Pixar masterpiece marked a turning point in the film industry, demonstrating that digital animation could create a universe as rich and emotional as traditional cinema.

The story of Woody and Buzz Lightyear was not just a technical feat; it was a captivating adventure that touched the hearts of millions of viewers, proving that digital art could compete with the most established art forms in terms of storytelling and emotional impact.","4308","[]","[3166]","{""en"":4307,""fr"":955,""de"":6137,""es"":7898}","{""url"":""https://www.pixar.com/our-story"",""label"":""Pixar — Our story"",""reviewedAt"":""2026-08-09""}"
"toy-story-computer-animation","6137","de","welcher-film-war-1995-der-erste-vollstandig-computeranimierte-kinofilm-in-spielfilmlange","Welcher Film war 1995 der erste vollständig computeranimierte Kinofilm in Spielfilmlänge?","[""Jurassic Park"",""Toy Story"",""Tron"",""Avatar""]","[false,true,false,false]","Toy Story","„Toy Story“ schrieb 1995 Filmgeschichte als erster vollständig mit Computeranimation produzierter Kinofilm in Spielfilmlänge.

Das Werk von Pixar markierte einen Wendepunkt für die Filmindustrie und bewies, dass digitale Animation eine ebenso dichte und gefühlvolle Welt erschaffen konnte wie traditionelle Verfahren.

Die Geschichte von Woody und Buzz Lightyear war weit mehr als eine technische Demonstration. Ihr Humor, ihre Spannung und ihre emotionalen Figuren erreichten Millionen Menschen. Damit zeigte der Film eindrucksvoll, dass digitale Kunst auch beim Erzählen und Berühren des Publikums mit etablierten Ausdrucksformen konkurrieren kann.","4308","[]","[5460]","{""de"":6137,""en"":4307,""fr"":955,""es"":7898}","{""url"":""https://www.pixar.com/our-story"",""label"":""Pixar — Our story"",""reviewedAt"":""2026-08-09""}"
"toy-story-computer-animation","7898","es","que-pelicula-de-1995-fue-el-primer-largometraje-realizado-integramente-con-animacion-por-ordenador","¿Qué película de 1995 fue el primer largometraje realizado íntegramente con animación por ordenador?","[""Jurassic Park"",""Toy Story"",""Tron"",""Avatar""]","[false,true,false,false]","Toy Story","«Toy Story», estrenada en 1995, fue el primer largometraje realizado íntegramente mediante animación por ordenador. Producida por Pixar y distribuida por Disney, sigue las aventuras de los juguetes Woody y Buzz Lightyear y combina innovación técnica, comedia y una historia de amistad.

Su producción exigió desarrollar nuevas herramientas de modelado, iluminación y renderizado adaptadas a una película completa. Obras anteriores como «Tron» o «Jurassic Park» ya habían utilizado imágenes digitales para escenarios o personajes importantes.

El récord preciso de «Toy Story» no consiste, por tanto, en presentar el primer protagonista digital, sino en ser el primer largometraje animado por ordenador de principio a fin.","4308","[]","[7221]","{""es"":7898,""en"":4307,""fr"":955,""de"":6137}","{""url"":""https://www.pixar.com/our-story"",""label"":""Pixar — Our story"",""reviewedAt"":""2026-08-09""}"
"constantine-christianity","1509","fr","quel-est-le-nom-du-celebre-temple-dedie-a-la-deesse-athena-situe-sur-lacropole-a-athenes-2","Quel empereur romain a accordé la tolérance au christianisme avec Licinius en 313 et favorisé son essor ?","[""Néron"",""Constantin"",""Auguste"",""Marc Aurèle.""]","[false,true,false,false]","Constantin","En 313, Constantin et Licinius publièrent des dispositions traditionnellement appelées édit de Milan, accordant aux chrétiens et aux autres groupes religieux la liberté de pratiquer leur culte. Constantin soutint ensuite l’Église, convoqua le concile de Nicée en 325 et fonda Constantinople, inaugurée en 330. Il reçut le baptême peu avant sa mort en 337. Il ne fit cependant pas du christianisme la religion officielle de l’Empire. Cette étape est associée à l’empereur Théodose Ier et à l’édit de Thessalonique de 380, qui établit le christianisme nicéen comme norme religieuse impériale. Son règne transforma durablement les rapports entre le pouvoir impérial et l’Église.","1521","[]","[1506]","{""fr"":1509,""en"":4048,""de"":5988,""es"":7749}","{""url"":""https://byzantine-museum.gr/christian-byzantium/"",""label"":""Byzantine and Christian Museum — Christian Byzantium"",""reviewedAt"":""2026-08-09""}"
"constantine-christianity","4048","en","which-roman-emperor-is-famous-for-being-the-first-to-convert-to-christianity-playing-a-key-role-in-its-spread-throughout-the-roman-empire","Which Roman emperor granted tolerance to Christianity with Licinius in 313 and encouraged its growth?","[""Nero"",""Constantine"",""Augustus"",""Marcus Aurelius""]","[false,true,false,false]","Constantine","In 313, Constantine and Licinius issued provisions traditionally known as the Edict of Milan, granting Christians and other religious groups the freedom to worship. Constantine then supported the Church, convened the Council of Nicaea in 325 and founded Constantinople, inaugurated in 330. He received baptism shortly before his death in 337. However, he did not make Christianity the official religion of the Empire. This stage is associated with Emperor Theodosius I and the Edict of Thessalonica of 380, which established Nicene Christianity as the imperial religious standard. His reign lastingly transformed the relationship between imperial power and the Church.","1522","[]","[3181]","{""en"":4048,""fr"":1509,""de"":5988,""es"":7749}","{""url"":""https://byzantine-museum.gr/christian-byzantium/"",""label"":""Byzantine and Christian Museum — Christian Byzantium"",""reviewedAt"":""2026-08-09""}"
"constantine-christianity","5988","de","welcher-romische-kaiser-forderte-das-christentum-und-ist-fur-seine-hinwendung-zu-diesem-glauben-bekannt","Welcher römische Kaiser förderte das Christentum und ist für seine Hinwendung zu diesem Glauben bekannt?","[""Nero"",""Konstantin der Große"",""Augustus"",""Mark Aurel""]","[false,true,false,false]","Konstantin der Große","Konstantin und Licinius gewährten 313 mit der Mailänder Vereinbarung weitgehende Religionsfreiheit. Konstantin unterstützte die Kirche politisch und finanziell und berief 325 das Konzil von Nicäa ein.

Er ließ sich wahrscheinlich erst kurz vor seinem Tod taufen. Das Christentum wurde unter ihm noch nicht Staatsreligion; diesen Status erhielt die nicänische Glaubensrichtung erst 380 unter Theodosius I.","1522","[]","[5474]","{""de"":5988,""en"":4048,""fr"":1509,""es"":7749}","{""url"":""https://byzantine-museum.gr/christian-byzantium/"",""label"":""Byzantine and Christian Museum — Christian Byzantium"",""reviewedAt"":""2026-08-09""}"
"constantine-christianity","7749","es","que-emperador-romano-concedio-junto-con-licinio-libertad-de-culto-a-los-cristianos-en-313-y-favorecio-su-expansion","¿Qué emperador romano concedió junto con Licinio libertad de culto a los cristianos en 313 y favoreció su expansión?","[""Nerón"",""Constantino"",""Augusto"",""Marco Aurelio""]","[false,true,false,false]","Constantino","En 313, Constantino y Licinio promulgaron las disposiciones conocidas tradicionalmente como Edicto de Milán, que reconocían la libertad de culto de los cristianos y otros grupos religiosos. Constantino apoyó después a la Iglesia, convocó el Concilio de Nicea en 325 y fundó Constantinopla.

Sin embargo, no convirtió el cristianismo en religión oficial: ese paso se asocia a Teodosio I y al Edicto de Tesalónica de 380. Su reinado transformó de manera duradera la relación entre el poder imperial y la Iglesia.","1522","[]","[7235]","{""es"":7749,""en"":4048,""fr"":1509,""de"":5988}","{""url"":""https://byzantine-museum.gr/christian-byzantium/"",""label"":""Byzantine and Christian Museum — Christian Byzantium"",""reviewedAt"":""2026-08-09""}"
"reykjavik","978","fr","quelle-est-la-capitale-de-lislande-connue-pour-sa-nature-epoustouflante-et-sa-culture-riche","Quelle est la capitale de l&#8217;Islande, connue pour sa nature époustouflante et sa culture riche ?","[""Reykjavik"",""Akureyri"",""Keflavík"",""Hafnarfjörður""]","[true,false,false,false]","Reykjavik","Reykjavik, connue pour être la capitale la plus septentrionale du monde, se distingue par sa qualité de vie exceptionnelle, ses initiatives environnementales exemplaires et sa riche scène culturelle.

Ville propre, verte et sûre, Reykjavik est entourée de paysages naturels à couper le souffle, incluant des sources géothermales, des volcans et des paysages glacés.

C'est un centre vibrant pour les arts, la musique et la littérature, offrant un accès privilégié aux merveilles naturelles de l'Islande, comme les aurores boréales.

Sa gestion durable de l'environnement et son engagement envers le développement vert en font un modèle pour les villes du futur.","990","[]","[975]","{""fr"":978,""en"":4288,""de"":6128,""es"":7889}","{""url"":""https://visitreykjavik.is/reykjavik"",""label"":""Visit Reykjavík — Reykjavík"",""reviewedAt"":""2026-08-22""}"
"reykjavik","4288","en","what-is-the-capital-of-iceland-known-for-its-stunning-nature-and-rich-culture","What is the capital of Iceland, known for its stunning nature and rich culture?","[""Reykjavik"",""Akureyri"",""Keflavik"",""Hafnarfjordur""]","[true,false,false,false]","Reykjavik","Reykjavik, known for being the northernmost capital in the world, is distinguished by its exceptional quality of life, exemplary environmental initiatives, and rich cultural scene.

A clean, green, and safe city, Reykjavik is surrounded by breathtaking natural landscapes, including geothermal springs, volcanoes, and icy terrains.

It is a vibrant center for the arts, music, and literature, offering privileged access to Iceland's natural wonders, such as the Northern Lights.

Its sustainable environmental management and commitment to green development make it a model for future cities.","4289","[]","[3167]","{""en"":4288,""fr"":978,""de"":6128,""es"":7889}","{""url"":""https://visitreykjavik.is/reykjavik"",""label"":""Visit Reykjavík — Reykjavík"",""reviewedAt"":""2026-08-22""}"
"reykjavik","6128","de","wie-heist-die-nordlichste-hauptstadt-eines-souveranen-staates","Wie heißt die nördlichste Hauptstadt eines souveränen Staates?","[""Reykjavík"",""Akureyri"",""Keflavík"",""Hafnarfjörður""]","[true,false,false,false]","Reykjavík","Reykjavík ist die nördlichste Hauptstadt eines souveränen Staates und für hohe Lebensqualität, Sauberkeit und Sicherheit bekannt. Geothermie versorgt einen großen Teil der Stadt mit Wärme und macht ihre nachhaltige Energie- und Umweltpolitik zu einem Vorbild für andere Metropolen.

Trotz überschaubarer Größe besitzt Reykjavík eine lebendige Musik-, Literatur- und Kunstszene. Die Hauptstadt verbindet dieses kulturelle Leben mit unmittelbarem Zugang zu Islands außergewöhnlicher Natur.

Vulkane, heiße Quellen, Eislandschaften und Polarlichter liegen von dort aus in Reichweite. Gerade diese Nähe von urbanem Alltag und spektakulärer Umgebung prägt den besonderen Charakter der Stadt.","4289","[]","[5461]","{""de"":6128,""en"":4288,""fr"":978,""es"":7889}","{""url"":""https://visitreykjavik.is/reykjavik"",""label"":""Visit Reykjavík — Reykjavík"",""reviewedAt"":""2026-08-22""}"
"reykjavik","7889","es","cual-es-la-capital-de-islandia-conocida-por-su-naturaleza-y-su-intensa-vida-cultural","¿Cuál es la capital de Islandia, conocida por su naturaleza y su intensa vida cultural?","[""Reikiavik"",""Akureyri"",""Keflavík"",""Hafnarfjörður""]","[true,false,false,false]","Reikiavik","Reikiavik es la capital de un Estado soberano situada más al norte del mundo. Destaca por su calidad de vida, sus iniciativas ambientales y una rica actividad artística, musical y literaria.

Es una ciudad limpia, verde y segura, rodeada de extraordinarios paisajes formados por fuentes geotérmicas, volcanes y extensiones de hielo. También ofrece un acceso privilegiado a fenómenos naturales como la aurora boreal.

El aprovechamiento de la energía geotérmica y su compromiso con un desarrollo más sostenible figuran entre sus rasgos más conocidos y convierten a Reikiavik en una referencia frecuente para imaginar ciudades más respetuosas con el entorno.","4289","[]","[7222]","{""es"":7889,""en"":4288,""fr"":978,""de"":6128}","{""url"":""https://visitreykjavik.is/reykjavik"",""label"":""Visit Reykjavík — Reykjavík"",""reviewedAt"":""2026-08-22""}"
"sgt-pepper","212","fr","quel-est-le-nom-de-lalbum-legendaire-des-beatles-souvent-considere-comme-lun-des-plus-grands-albums-de-tous-les-temps","Quel album des Beatles de 1967 contient notamment Lucy in the Sky with Diamonds et A Day in the Life ?","[""Abbey Road"",""Sgt. Pepper’s Lonely Hearts Club Band"",""Rubber Soul"",""Revolver.""]","[false,true,false,false]","Sgt. Pepper’s Lonely Hearts Club Band","Paru en 1967, « Sgt. Pepper’s Lonely Hearts Club Band » marque une étape majeure dans le travail en studio des Beatles. Le groupe y explore des arrangements orchestraux, des effets sonores, des collages et des techniques d’enregistrement alors novatrices dans la musique populaire. L’album contient notamment « With a Little Help from My Friends », « Lucy in the Sky with Diamonds » et « A Day in the Life ». Sa pochette conçue par Peter Blake et Jann Haworth est devenue emblématique. L’idée que le disque serait le tout premier album-concept est discutée, mais son ambition et sa cohérence ont profondément influencé la manière de concevoir l’album comme une œuvre complète.","243","[]","[210]","{""fr"":212,""en"":4213,""de"":6093,""es"":7854}","{""url"":""https://www.thebeatles.com/sgt-peppers-lonely-hearts-club-band"",""label"":""The Beatles — Sgt. Pepper’s Lonely Hearts Club Band"",""reviewedAt"":""2026-08-22""}"
"sgt-pepper","4213","en","what-is-the-name-of-the-legendary-beatles-album-often-considered-one-of-the-greatest-albums-of-all-time","What is the name of the legendary Beatles album, often considered one of the greatest albums of all time?","[""Abbey Road"",""Sgt. Pepper's Lonely Hearts Club Band"",""Rubber Soul"",""Revolver""]","[false,true,false,false]","Sgt. Pepper's Lonely Hearts Club Band","Published in 1967, “Sgt. Pepper’s Lonely Hearts Club Band” marks a major milestone in the Beatles’ studio work. The group explores orchestral arrangements, sound effects, collages and recording techniques that were then innovative in popular music. The album includes “With a Little Help from My Friends”, “Lucy in the Sky with Diamonds” and “A Day in the Life”. Its cover designed by Peter Blake and Jann Haworth has become iconic. The idea that the record would be the very first concept album is debated, but its ambition and coherence profoundly influenced the way in which the album was conceived as a complete work.","1505","[]","[3148]","{""en"":4213,""fr"":212,""de"":6093,""es"":7854}","{""url"":""https://www.thebeatles.com/sgt-peppers-lonely-hearts-club-band"",""label"":""The Beatles — Sgt. Pepper’s Lonely Hearts Club Band"",""reviewedAt"":""2026-08-22""}"
"sgt-pepper","6093","de","welches-legendare-beatles-album-gilt-haufig-als-eines-der-besten-alben-aller-zeiten","Welches legendäre Beatles-Album gilt häufig als eines der besten Alben aller Zeiten?","[""Abbey Road"",""Sgt. Pepper’s Lonely Hearts Club Band"",""Rubber Soul"",""Revolver""]","[false,true,false,false]","Sgt. Pepper’s Lonely Hearts Club Band","Das 1967 veröffentlichte „Sgt. Pepper’s Lonely Hearts Club Band“ markierte einen Wendepunkt der Popmusik. Statt nur einzelne Songs zu versammeln, bot das Album ein bewusst gestaltetes Gesamterlebnis.

Innovative Studiotechniken erweiterten die klanglichen Möglichkeiten erheblich. Der Erfolg inspirierte andere Musiker dazu, das Album als eigenständiges Kunstwerk zu begreifen, und beeinflusste Generationen von Künstlern.","1505","[]","[5442]","{""de"":6093,""fr"":212,""en"":4213,""es"":7854}","{""url"":""https://www.thebeatles.com/sgt-peppers-lonely-hearts-club-band"",""label"":""The Beatles — Sgt. Pepper’s Lonely Hearts Club Band"",""reviewedAt"":""2026-08-22""}"
"sgt-pepper","7854","es","como-se-llama-el-legendario-album-de-the-beatles-que-suele-considerarse-uno-de-los-mejores-de-todos-los-tiempos","¿Cómo se llama el legendario álbum de The Beatles que suele considerarse uno de los mejores de todos los tiempos?","[""Abbey Road"",""Sgt. Pepper's Lonely Hearts Club Band"",""Rubber Soul"",""Revolver""]","[false,true,false,false]","Sgt. Pepper's Lonely Hearts Club Band","Publicado en 1967, «Sgt. Pepper’s Lonely Hearts Club Band» marcó una etapa fundamental en el trabajo de estudio de los Beatles.

El grupo exploró arreglos orquestales, efectos sonoros, collages y técnicas de grabación que entonces resultaban innovadoras en la música popular. El álbum contiene, entre otras, «With a Little Help from My Friends», «Lucy in the Sky with Diamonds» y «A Day in the Life».

Su portada, diseñada por Peter Blake y Jann Haworth, se ha convertido en un icono. Se discute que fuera el primer álbum conceptual de la historia, pero su ambición y su coherencia influyeron profundamente en la forma de concebir un álbum como una obra completa.","1505","[]","[7203]","{""es"":7854,""fr"":212,""en"":4213,""de"":6093}","{""url"":""https://www.thebeatles.com/sgt-peppers-lonely-hearts-club-band"",""label"":""The Beatles — Sgt. Pepper’s Lonely Hearts Club Band"",""reviewedAt"":""2026-08-22""}"
"birthplace-of-hip-hop","268","fr","quelle-est-la-ville-americaine-souvent-consideree-comme-le-berceau-du-hip-hop","Quelle est la ville américaine souvent considérée comme le berceau du hip-hop ?","[""Los Angeles"",""New York"",""Chicago"",""Detroit""]","[false,true,false,false]","New York","New York, en particulier le Bronx, est universellement reconnue comme le véritable berceau du hip-hop.

Au cœur des années 70, cette métropole a été le théâtre de l'éclosion des quatre piliers fondamentaux du hip-hop : le DJing, où les platines et les mixeurs permettaient de créer de nouvelles musiques à partir de disques existants; le MCing, plus connu sous le nom de rap, où la parole devient rythme et poésie; le breakdance, une forme de danse acrobatique qui s'est développée dans les rues et le graffiti, un art visuel qui a transformé le paysage urbain.

Ce mouvement culturel a émergé dans un contexte socio-économique difficile, marqué par la pauvreté, le chômage, et une certaine marginalisation des communautés afro-américaines et latines. Cependant, loin de se laisser abattre par ces défis, les jeunes de New York ont utilisé ces formes d'expression comme un moyen de résistance, d'affirmation de soi et de contestation.","348","[]","[258]","{""fr"":268,""en"":4679,""de"":6311,""es"":8072}","{""url"":""https://www.si.edu/spotlight/hip-hop-rap-music"",""label"":""Smithsonian — Hip-Hop and Rap Across the Smithsonian"",""reviewedAt"":""2026-08-22""}"
"birthplace-of-hip-hop","4679","en","which-american-city-is-often-considered-the-birthplace-of-hip-hop","Which American city is often considered the birthplace of hip-hop?","[""Los Angeles"",""New York"",""Chicago"",""Detroit""]","[false,true,false,false]","New York","New York, particularly the Bronx, is universally recognized as the true birthplace of hip-hop.

In the heart of the 1970s, this metropolis witnessed the emergence of the four fundamental pillars of hip-hop: DJing, where turntables and mixers were used to create new music from existing records; MCing, better known as rap, where speech becomes rhythm and poetry; breakdancing, an acrobatic form of dance that developed in the streets; and graffiti, a visual art that transformed the urban landscape.

This cultural movement emerged in a socio-economic context marked by poverty, unemployment, and marginalization of African American and Latino communities. However, far from being subdued by these challenges, the youth of New York used these forms of expression as a means of resistance, self-assertion, and protest.","4680","[]","[3147]","{""en"":4679,""fr"":268,""de"":6311,""es"":8072}","{""url"":""https://www.si.edu/spotlight/hip-hop-rap-music"",""label"":""Smithsonian — Hip-Hop and Rap Across the Smithsonian"",""reviewedAt"":""2026-08-22""}"
"birthplace-of-hip-hop","6311","de","welche-amerikanische-stadt-gilt-haufig-als-geburtsort-des-hip-hop","Welche amerikanische Stadt gilt häufig als Geburtsort des Hip-Hop?","[""Los Angeles"",""New York"",""Chicago"",""Detroit""]","[false,true,false,false]","New York","New York, insbesondere die Bronx, gilt weltweit als eigentlicher Geburtsort des Hip-Hop.

Mitte der 1970er-Jahre entstanden in dieser Metropole die vier grundlegenden Säulen des Hip-Hop: DJing, bei dem mit Plattenspielern und Mischpulten aus vorhandenen Aufnahmen neue Musik entstand; MCing, besser bekannt als Rap, bei dem Sprache zu Rhythmus und Poesie wird; Breakdance, eine akrobatische Tanzform, die sich auf der Straße entwickelte; und Graffiti, eine visuelle Kunstform, die das Stadtbild veränderte.

Die Bewegung entstand in einem sozioökonomischen Umfeld, das von Armut, Arbeitslosigkeit und der Marginalisierung afroamerikanischer und lateinamerikanischer Gemeinschaften geprägt war. Die Jugend New Yorks ließ sich davon jedoch nicht unterkriegen, sondern nutzte diese Ausdrucksformen als Mittel des Widerstands, der Selbstbehauptung und des Protests.","4680","[]","[5441]","{""de"":6311,""en"":4679,""fr"":268,""es"":8072}","{""url"":""https://www.si.edu/spotlight/hip-hop-rap-music"",""label"":""Smithsonian — Hip-Hop and Rap Across the Smithsonian"",""reviewedAt"":""2026-08-22""}"
"birthplace-of-hip-hop","8072","es","que-ciudad-estadounidense-suele-considerarse-la-cuna-del-hip-hop","¿Qué ciudad estadounidense suele considerarse la cuna del hip-hop?","[""Los Ángeles"",""Nueva York"",""Chicago"",""Detroit""]","[false,true,false,false]","Nueva York","Nueva York, y en particular el Bronx, está reconocida universalmente como la verdadera cuna del hip-hop. A mediados de los años setenta, esta metrópoli vio nacer los cuatro pilares fundamentales del hip-hop: el DJing, en el que los platos y las mesas de mezclas permitían crear nueva música a partir de discos existentes; el MCing, más conocido como rap, donde la palabra se convierte en ritmo y poesía; el breakdance, una forma de baile acrobático que se desarrolló en las calles; y el grafiti, un arte visual que transformó el paisaje urbano.

Este movimiento cultural surgió en un contexto socioeconómico difícil, marcado por la pobreza, el desempleo y cierta marginación de las comunidades afroamericanas y latinas. Sin embargo, lejos de dejarse abatir por estas dificultades, los jóvenes de Nueva York utilizaron estas formas de expresión como medios de resistencia, afirmación personal y protesta.","4680","[]","[7202]","{""es"":8072,""en"":4679,""fr"":268,""de"":6311}","{""url"":""https://www.si.edu/spotlight/hip-hop-rap-music"",""label"":""Smithsonian — Hip-Hop and Rap Across the Smithsonian"",""reviewedAt"":""2026-08-22""}"
"nighthawks","665","fr","quel-tableau-de-edward-hopper-illustre-la-solitude-urbaine","Quel tableau d’Edward Hopper illustre la solitude urbaine ?","[""American Gothic"",""Guernica"",""Nighthawks"",""La Liberté guidant le peuple.""]","[false,false,true,false]","Nighthawks","Peint en 1942, « Nighthawks » est devenu l’une des images les plus célèbres d’Edward Hopper. Le tableau montre quatre personnes dans un diner vivement éclairé, à l’angle d’une rue new-yorkaise presque vide. Hopper s’inspira d’un restaurant de Greenwich Avenue, tout en simplifiant fortement l’architecture et l’environnement. L’absence d’entrée visible, les grandes surfaces vitrées et le faible échange entre les personnages renforcent l’impression de séparation. Ces choix de composition expliquent pourquoi l’œuvre est souvent associée à la solitude et à l’anonymat de la vie urbaine moderne.","680","[]","[655]","{""fr"":665,""en"":4498,""de"":6229,""es"":7990}","{""url"":""https://www.artic.edu/artworks/111628/nighthawks"",""label"":""Art Institute of Chicago — Nighthawks"",""reviewedAt"":""2026-08-22""}"
"nighthawks","4498","en","which-painting-by-edward-hopper-illustrates-urban-loneliness","Which painting by Edward Hopper illustrates urban loneliness?","[""American Gothic"",""Guernica"",""Nighthawks"",""Liberty Leading the People""]","[false,false,true,false]","Nighthawks","""Nighthawks"" is much more than a mere depiction of urban loneliness. Hopper was inspired by a diner on Greenwich Avenue in New York's Greenwich Village neighborhood, but he chose to remove all the doors!

The absence of doors on the diner's facade, as seen in the painting, perhaps symbolizes an invisible barrier between the people inside and the outside world, accentuating the sense of isolation.

This subtle yet powerful touch invites deeper reflection on isolation and human connection in metropolises.","4499","[]","[3157]","{""en"":4498,""fr"":665,""de"":6229,""es"":7990}","{""url"":""https://www.artic.edu/artworks/111628/nighthawks"",""label"":""Art Institute of Chicago — Nighthawks"",""reviewedAt"":""2026-08-22""}"
"nighthawks","6229","de","welches-gemalde-von-edward-hopper-versinnbildlicht-die-einsamkeit-der-grosstadt","Welches Gemälde von Edward Hopper versinnbildlicht die Einsamkeit der Großstadt?","[""American Gothic"",""Guernica"",""Nighthawks"",""Die Freiheit führt das Volk""]","[false,false,true,false]","Nighthawks","„Nighthawks“ ist weit mehr als eine bloße Darstellung großstädtischer Einsamkeit. Hopper ließ sich von einem Diner an der Greenwich Avenue im New Yorker Viertel Greenwich Village inspirieren, entfernte in seinem Bild jedoch sämtliche Türen.

Dass an der sichtbaren Fassade kein Eingang zu erkennen ist, kann als unsichtbare Barriere zwischen den Menschen im Inneren und der Außenwelt verstanden werden. Dadurch verstärkt sich der Eindruck von Abgeschiedenheit.

Dieses unauffällige, aber wirkungsvolle Detail lädt dazu ein, tiefer über Isolation und menschliche Nähe in der Großstadt nachzudenken.","4499","[]","[5451]","{""de"":6229,""en"":4498,""fr"":665,""es"":7990}","{""url"":""https://www.artic.edu/artworks/111628/nighthawks"",""label"":""Art Institute of Chicago — Nighthawks"",""reviewedAt"":""2026-08-22""}"
"nighthawks","7990","es","que-cuadro-de-edward-hopper-representa-la-soledad-urbana","¿Qué cuadro de Edward Hopper representa la soledad urbana?","[""American Gothic"",""Guernica"",""Nighthawks"",""La libertad guiando al pueblo""]","[false,false,true,false]","Nighthawks","Pintado en 1942, «Nighthawks» se ha convertido en una de las imágenes más conocidas de Edward Hopper. El cuadro muestra a cuatro personas dentro de un diner intensamente iluminado, en la esquina de una calle neoyorquina casi vacía.

Hopper se inspiró en un restaurante de Greenwich Avenue, aunque simplificó mucho tanto la arquitectura como el entorno. La ausencia de una entrada visible, las grandes superficies acristaladas y la escasa interacción entre los personajes refuerzan la sensación de separación.

Estas decisiones compositivas explican que la obra se asocie a menudo con la soledad y el anonimato de la vida urbana moderna.","4499","[]","[7212]","{""es"":7990,""en"":4498,""fr"":665,""de"":6229}","{""url"":""https://www.artic.edu/artworks/111628/nighthawks"",""label"":""Art Institute of Chicago — Nighthawks"",""reviewedAt"":""2026-08-22""}"
"starry-night","656","fr","qui-a-peint-ce-tableau","Qui a peint La Nuit étoilée ?","[""Pablo Picasso"",""Vincent van Gogh"",""Claude Monet"",""Léonard de Vinci.""]","[false,true,false,false]","Vincent van Gogh","Vincent van Gogh peignit « La Nuit étoilée » en juin 1889 alors qu’il séjournait à l’asile de Saint-Paul-de-Mausole, à Saint-Rémy-de-Provence. Le paysage s’appuie en partie sur la vue orientée vers l’est depuis sa chambre, qu’il observa à plusieurs moments de la journée. Il transforma cependant fortement la scène : le village et son clocher sont imaginés, tandis que le ciel tourbillonnant organise la composition. Van Gogh réalisa la toile en atelier et non directement pendant la nuit. Aujourd’hui conservée au Museum of Modern Art de New York, elle est devenue l’une de ses œuvres les plus célèbres.","664","[]","[655]","{""fr"":656,""en"":4500,""de"":6230,""es"":7991}","{""url"":""https://www.moma.org/collection/works/79802"",""label"":""MoMA — The Starry Night"",""reviewedAt"":""2026-08-22""}"
"starry-night","4500","en","who-painted-the-starry-night","Who painted &#8220;The Starry Night&#8221;?","[""Pablo Picasso"",""Vincent van Gogh"",""Claude Monet"",""Leonardo da Vinci""]","[false,true,false,false]","Vincent van Gogh","Vincent van Gogh painted “The Starry Night” in June 1889 while he was staying at the Saint-Paul-de-Mausole asylum, in Saint-Rémy-de-Provence. The landscape is based in part on the east-facing view from his room, which he observed at several times of the day. However, he strongly transformed the scene: the village and its bell tower are imagined, while the swirling sky organizes the composition. Van Gogh created the painting in the studio and not directly during the night. Now held at the Museum of Modern Art in New York, it has become one of his most famous works.","4501","[]","[3157]","{""en"":4500,""fr"":656,""de"":6230,""es"":7991}","{""url"":""https://www.moma.org/collection/works/79802"",""label"":""MoMA — The Starry Night"",""reviewedAt"":""2026-08-22""}"
"starry-night","6230","de","wer-malte-sternennacht","Wer malte „Sternennacht“?","[""Pablo Picasso"",""Vincent van Gogh"",""Claude Monet"",""Leonardo da Vinci""]","[false,true,false,false]","Vincent van Gogh","Anders als häufig angenommen entstand „Sternennacht“ nicht als unmittelbare Wiedergabe des Ausblicks aus van Goghs Fenster in der Heilanstalt von Saint-Rémy.

Tatsächlich malte van Gogh das Bild tagsüber aus der Erinnerung. Das Werk zeigt nicht nur sein erstaunliches Gedächtnis für Einzelheiten, sondern auch seinen Wunsch, die Landschaft mit den eigenen Gefühlen aufzuladen. So verwandelte er eine gewöhnliche Nachtszene in einen lebhaften Wirbel aus Farbe und Bewegung.

Der Abstand zwischen Wirklichkeit und Darstellung macht van Goghs Vorstellungskraft sichtbar und zeigt, wie weit sein Blick über die greifbare Welt hinausging.","4501","[]","[5451]","{""de"":6230,""en"":4500,""fr"":656,""es"":7991}","{""url"":""https://www.moma.org/collection/works/79802"",""label"":""MoMA — The Starry Night"",""reviewedAt"":""2026-08-22""}"
"starry-night","7991","es","quien-pinto-la-noche-estrellada","¿Quién pintó «La noche estrellada»?","[""Pablo Picasso"",""Vincent van Gogh"",""Claude Monet"",""Leonardo da Vinci""]","[false,true,false,false]","Vincent van Gogh","Vincent van Gogh pintó «La noche estrellada» en junio de 1889, durante su estancia en el sanatorio de Saint-Paul-de-Mausole, en Saint-Rémy-de-Provence. El paisaje se basa en parte en la vista orientada hacia el este desde su habitación, que observó en distintos momentos del día.

Sin embargo, transformó profundamente la escena: el pueblo y su campanario son imaginarios, mientras que el cielo arremolinado estructura toda la composición. Van Gogh realizó el cuadro en el estudio, no directamente durante la noche.

Conservada hoy en el Museum of Modern Art de Nueva York, se ha convertido en una de sus obras más célebres.","4501","[]","[7212]","{""es"":7991,""en"":4500,""fr"":656,""de"":6230}","{""url"":""https://www.moma.org/collection/works/79802"",""label"":""MoMA — The Starry Night"",""reviewedAt"":""2026-08-22""}"
